{
    "0": {
        "precision": 0.8668596237337193,
        "recall": 0.844851904090268,
        "f1-score": 0.8557142857142858,
        "support": 709.0
    },
    "1": {
        "precision": 0.8450704225352113,
        "recall": 0.8670520231213873,
        "f1-score": 0.8559201141226819,
        "support": 692.0
    },
    "accuracy": 0.8558172733761599,
    "macro avg": {
        "precision": 0.8559650231344653,
        "recall": 0.8559519636058277,
        "f1-score": 0.8558171999184838,
        "support": 1401.0
    },
    "weighted avg": {
        "precision": 0.8560972202866334,
        "recall": 0.8558172733761599,
        "f1-score": 0.8558159511379902,
        "support": 1401.0
    }
}